Item Name,Qty,Price (total) (USD),Item link,Notes
Esp32 dev board,2,$6.35,https://nl.aliexpress.com/item/1005007900661803.html?spm=a2g0o.productlist.main.16.454e73c1krKDmX&aem_p4p_detail=2026090902564813525667811616500000097151&algo_pvid=320ffb68-c790-40f4-9cf1-63d8f3272058&algo_exp_id=320ffb68-c790-40f4-9cf1-63d8f3272058-15&pdp_ext_f=%7B%22order%22%3A%222567%22%2C%22eval%22%3A%221%22%2C%22fromPage%22%3A%22search%22%7D&pdp_npi=6%40dis%21EUR%216.14%215.69%21%21%2146.76%2143.33%21%4021613ab217889478086917940e0cf2%2112000057603495725%21sea%21NL%214812450678%21X%211%210%21n_tag%3A-29919%3Bd%3Afb85f55e%3Bm03_new_user%3A-29895&curPageLogUid=PCr5pYGY0gH6&utparam-url=scene%3Asearch%7Cquery_from%3A%7Cx_object_id%3A1005007900661803%7C_p_origin_prod%3A&search_p4p_id=2026090902564813525667811616500000097151_4&gatewayAdapt=glo2nld,For robot and controller
OLED display,1,$6.43,https://nl.aliexpress.com/item/1005010285473577.html?spm=a2g0o.productlist.main.1.1b12WOF4WOF4xO&algo_pvid=12abfaf5-a916-4bb1-aaa7-a4e42b03f787&algo_exp_id=12abfaf5-a916-4bb1-aaa7-a4e42b03f787-0&pdp_ext_f=%7B%22order%22%3A%22800%22%2C%22eval%22%3A%221%22%2C%22orig_sl_item_id%22%3A%221005010285473577%22%2C%22orig_item_id%22%3A%221005009345289549%22%2C%22fromPage%22%3A%22search%22%7D&pdp_npi=6%40dis%21USD%2112.86%216.43%21%21%2185.79%2142.89%21%400b8848bf17889785609438347e112a%2112000051791878981%21sea%21NL%214812450678%21X%211%210%21n_tag%3A-29919%3Bd%3Afb85f55e%3Bm03_new_user%3A-29895&curPageLogUid=i3suadO6HDqv&utparam-url=scene%3Asearch%7Cquery_from%3A%7Cx_object_id%3A1005010285473577%7C_p_origin_prod%3A1005009345289549&tblci=GiALkmP2KFzh9iKKmkiryOj1R6kGFGCcAalDnXhuJ9UK2iDA9m4o3JaS6rK1xP0OMJ_bXg,The face and screen of the robot
N20 motor and wheel,2,$6.82,https://nl.aliexpress.com/item/4001216780881.html?spm=a2g0o.productlist.main.16.64b9XbINXbINiG&algo_pvid=5d0061dd-3efa-4988-b298-e0d2a42ab9a9&algo_exp_id=5d0061dd-3efa-4988-b298-e0d2a42ab9a9-13&pdp_ext_f=%7B%22order%22%3A%22586%22%2C%22eval%22%3A%221%22%2C%22fromPage%22%3A%22search%22%7D&pdp_npi=6%40dis%21USD%216.66%216.66%21%21%216.66%216.66%21%400b884c0217889797089946609e0d39%2112000050912806404%21sea%21NL%214812450678%21X%211%210%21n_tag%3A-29919%3Bd%3Afb85f55e%3Bm03_new_user%3A-29895&curPageLogUid=SbEVEKf8UG1N&utparam-url=scene%3Asearch%7Cquery_from%3A%7Cx_object_id%3A4001216780881%7C_p_origin_prod%3A,3V and 100RPM
Mini ball caster wheel,1,$1.68,https://nl.aliexpress.com/item/1005007057637397.html?spm=a2g0o.detail.pcDetailBottomMoreOtherSeller.5.3bf0V9InV9InkZ&gps-id=pcDetailBottomMoreOtherSeller&scm=1007.40050.354490.0&scm_id=1007.40050.354490.0&scm-url=1007.40050.354490.0&pvid=45edeefa-604c-4507-aa6d-b43527486aea&_t=gps-id%3ApcDetailBottomMoreOtherSeller%2Cscm-url%3A1007.40050.354490.0%2Cpvid%3A45edeefa-604c-4507-aa6d-b43527486aea%2Ctpp_buckets%3A668%232846%238108%231977&isseo=y&pdp_ext_f=%7B%22order%22%3A%22219%22%2C%22spu_best_type%22%3A%22price%22%2C%22eval%22%3A%221%22%2C%22sceneId%22%3A%2230050%22%2C%22fromPage%22%3A%22recommend%22%7D&pdp_npi=6%40dis%21USD%211.72%211.68%21%21%2111.47%2111.18%21%400b15834e17889802358872641e0d82%2112000039261031976%21rec%21NL%214812450678%21X%211%210%21n_tag%3A-29919%3Bd%3Afb85f55e%3Bm03_new_user%3A-29895&utparam-url=scene%3ApcDetailBottomMoreOtherSeller%7Cquery_from%3A%7Cx_object_id%3A1005007057637397%7C_p_origin_prod%3A,Back wheel
Dual motor driver module,1,$1.23,https://nl.aliexpress.com/item/1005006111798716.html?spm=a2g0o.productlist.main.2.29b07684d1q4HE&algo_pvid=708d366e-9233-471a-810c-b022c4bef50f&algo_exp_id=708d366e-9233-471a-810c-b022c4bef50f-1&pdp_ext_f=%7B%22order%22%3A%22142%22%2C%22spu_best_type%22%3A%22price%22%2C%22eval%22%3A%221%22%2C%22fromPage%22%3A%22search%22%7D&pdp_npi=6%40dis%21USD%211.26%211.23%21%21%211.26%211.23%21%4021038db317889490166353582e0dc7%2112000043376584296%21sea%21NL%214812450678%21X%211%210%21n_tag%3A-29919%3Bd%3Afb85f55e%3Bm03_new_user%3A-29895&curPageLogUid=srXFQHjuOSpS&utparam-url=scene%3Asearch%7Cquery_from%3A%7Cx_object_id%3A1005006111798716%7C_p_origin_prod%3A&tblci=GiALkmP2KFzh9iKKmkiryOj1R6kGFGCcAalDnXhuJ9UK2iDA9m4o3JaS6rK1xP0OMJ_bXg,Helps the motors move the wheels
Li-ion battery,1,$4.11,https://nl.aliexpress.com/item/1005007970184616.html?spm=a2g0o.productlist.main.1.44107RBv7RBvCz&algo_pvid=4bd42702-fb40-44a8-9406-e947863be478&algo_exp_id=4bd42702-fb40-44a8-9406-e947863be478-0&pdp_ext_f=%7B%22order%22%3A%22655%22%2C%22spu_best_type%22%3A%22price%22%2C%22eval%22%3A%221%22%2C%22fromPage%22%3A%22search%22%7D&pdp_npi=6%40dis%21USD%216.29%213.27%21%21%216.29%213.27%21%400b884c0217889491848492181e1073%2112000043084054823%21sea%21NL%214812450678%21X%211%210%21n_tag%3A-29919%3Bd%3Afb85f55e%3Bm03_new_user%3A-29895&curPageLogUid=1GULvTC8szUd&utparam-url=scene%3Asearch%7Cquery_from%3A%7Cx_object_id%3A1005007970184616%7C_p_origin_prod%3A&tblci=GiALkmP2KFzh9iKKmkiryOj1R6kGFGCcAalDnXhuJ9UK2iDA9m4o3JaS6rK1xP0OMJ_bXg,3.7V 1piece battery
Battery holder,1,$1.90,https://nl.aliexpress.com/item/1005008905937032.html?spm=a2g0o.productlist.main.44.ac336ee4NSp1iI&aem_p4p_detail=202609090321372835376242264160000114809&algo_pvid=8e7ec020-2d89-4705-8971-502f071d2615&algo_exp_id=8e7ec020-2d89-4705-8971-502f071d2615-43&pdp_ext_f=%7B%22order%22%3A%221132%22%2C%22eval%22%3A%221%22%2C%22fromPage%22%3A%22search%22%7D&pdp_npi=6%40dis%21USD%213.81%211.90%21%21%2125.41%2112.70%21%400b15832917889492977287057e108a%2112000047143660742%21sea%21NL%214812450678%21X%211%210%21n_tag%3A-29919%3Bd%3Afb85f55e%3Bm03_new_user%3A-29895&curPageLogUid=qqHPhT96HAGg&utparam-url=scene%3Asearch%7Cquery_from%3A%7Cx_object_id%3A1005008905937032%7C_p_origin_prod%3A&search_p4p_id=202609090321372835376242264160000114809_11,Holds the batteries
Type c charger module,1,$2.25,https://nl.aliexpress.com/item/1005006043031985.html?spm=a2g0o.productlist.main.2.5738be6aW7aXVn&algo_pvid=c849eac2-acf7-4db0-a005-38c10b277013&algo_exp_id=c849eac2-acf7-4db0-a005-38c10b277013-1&pdp_ext_f=%7B%22order%22%3A%2244375%22%2C%22spu_best_type%22%3A%22price%22%2C%22eval%22%3A%221%22%2C%22fromPage%22%3A%22search%22%7D&pdp_npi=6%40dis%21USD%214.36%212.25%21%21%2129.11%2115.03%21%400b15832917889493982026001e0cee%2112000035475416223%21sea%21NL%214812450678%21X%211%210%21n_tag%3A-29919%3Bd%3Afb85f55e%3Bm03_new_user%3A-29895%3BpisId%3A5000000216893409&curPageLogUid=AWAkkiazMJLY&utparam-url=scene%3Asearch%7Cquery_from%3A%7Cx_object_id%3A1005006043031985%7C_p_origin_prod%3A&tblci=GiALkmP2KFzh9iKKmkiryOj1R6kGFGCcAalDnXhuJ9UK2iDA9m4o3JaS6rK1xP0OMJ_bXg,"Charging port, type C"
Step-up module,1,$1.24,https://nl.aliexpress.com/item/1005006361814667.html?spm=a2g0o.productlist.main.1.394erIe1rIe1Mm&algo_pvid=3585c700-3ba6-4f3d-9cc3-1ccdb9d604fd&algo_exp_id=3585c700-3ba6-4f3d-9cc3-1ccdb9d604fd-0&pdp_ext_f=%7B%22order%22%3A%2210397%22%2C%22spu_best_type%22%3A%22price%22%2C%22eval%22%3A%221%22%2C%22fromPage%22%3A%22search%22%7D&pdp_npi=6%40dis%21USD%211.27%211.24%21%21%218.46%218.25%21%4021613ab217889495361562717e0fc9%2112000036895232308%21sea%21NL%214812450678%21X%211%210%21n_tag%3A-29919%3Bd%3Afb85f55e%3Bm03_new_user%3A-29895&curPageLogUid=qIcewCEKf3SO&utparam-url=scene%3Asearch%7Cquery_from%3A%7Cx_object_id%3A1005006361814667%7C_p_origin_prod%3A&tblci=GiALkmP2KFzh9iKKmkiryOj1R6kGFGCcAalDnXhuJ9UK2iDA9m4o3JaS6rK1xP0OMJ_bXg,3.7V to 5V
Mini toggle switches,1,$1.96,https://nl.aliexpress.com/item/1005009714438836.html?spm=a2g0o.productlist.main.1.5d1531cfiJh3wV&algo_pvid=def5f9fd-ac95-49fe-9be0-5bab3b1ac9a7&algo_exp_id=def5f9fd-ac95-49fe-9be0-5bab3b1ac9a7-0&pdp_ext_f=%7B%22order%22%3A%2225005%22%2C%22spu_best_type%22%3A%22price%22%2C%22eval%22%3A%221%22%2C%22fromPage%22%3A%22search%22%7D&pdp_npi=6%40dis%21USD%214.83%212.27%21%21%2132.21%2115.14%21%402161390617889496089666346e0f38%2112000049933523467%21sea%21NL%214812450678%21X%211%210%21n_tag%3A-29919%3Bd%3Afb85f55e%3Bm03_new_user%3A-29895&curPageLogUid=ziH3Rc3Uxdie&utparam-url=scene%3Asearch%7Cquery_from%3A%7Cx_object_id%3A1005009714438836%7C_p_origin_prod%3A&tblci=GiALkmP2KFzh9iKKmkiryOj1R6kGFGCcAalDnXhuJ9UK2iDA9m4o3JaS6rK1xP0OMJ_bXg,"Turns off and on, 5pc"
Piezo Buzzer,1,$1.28,https://nl.aliexpress.com/item/1005006260328559.html?spm=a2g0o.productlist.main.5.3ee6259ezQPGvT&algo_pvid=0e48552b-1599-4e43-a5ef-360a4a2c828b&algo_exp_id=0e48552b-1599-4e43-a5ef-360a4a2c828b-4&pdp_ext_f=%7B%22order%22%3A%221040%22%2C%22eval%22%3A%221%22%2C%22fromPage%22%3A%22search%22%7D&pdp_npi=6%40dis%21USD%211.28%211.28%21%21%211.28%211.28%21%400b884a9917889496727142118e0fba%2112000036509108003%21sea%21NL%214812450678%21X%211%210%21n_tag%3A-29919%3Bd%3Afb85f55e%3Bm03_new_user%3A-29895&curPageLogUid=gZ5Tly8QahVs&utparam-url=scene%3Asearch%7Cquery_from%3A%7Cx_object_id%3A1005006260328559%7C_p_origin_prod%3A&tblci=GiALkmP2KFzh9iKKmkiryOj1R6kGFGCcAalDnXhuJ9UK2iDA9m4o3JaS6rK1xP0OMJ_bXg,Little speaker thingy
Proximity sensor,1,$3.00,https://nl.aliexpress.com/item/1005002932722448.html?spm=a2g0o.productlist.main.1.715d2c5c81eZV6&algo_pvid=cd17901b-5a06-4a75-8b51-41fb9d89d747&algo_exp_id=cd17901b-5a06-4a75-8b51-41fb9d89d747-0&pdp_ext_f=%7B%22order%22%3A%223841%22%2C%22spu_best_type%22%3A%22price%22%2C%22eval%22%3A%221%22%2C%22fromPage%22%3A%22search%22%7D&pdp_npi=6%40dis%21USD%211.65%211.65%21%21%211.65%211.65%21%400b8848e317889745750262287e0d26%2112000047654284755%21sea%21NL%214812450678%21X%211%210%21n_tag%3A-29919%3Bd%3Afb85f55e%3Bm03_new_user%3A-29895&curPageLogUid=3HsZt1XnSs80&utparam-url=scene%3Asearch%7Cquery_from%3A%7Cx_object_id%3A1005002932722448%7C_p_origin_prod%3A&tblci=GiALkmP2KFzh9iKKmkiryOj1R6kGFGCcAalDnXhuJ9UK2iDA9m4o3JaS6rK1xP0OMJ_bXg,50cm 
Joystick,1,$1.53,https://nl.aliexpress.com/item/1005009084162024.html?spm=a2g0o.productlist.main.3.799d411b8YF6uH&algo_pvid=d8faad14-57c5-4e74-8db3-d5c52b3a4b23&algo_exp_id=d8faad14-57c5-4e74-8db3-d5c52b3a4b23-2&pdp_ext_f=%7B%22order%22%3A%222257%22%2C%22spu_best_type%22%3A%22price%22%2C%22eval%22%3A%221%22%2C%22fromPage%22%3A%22search%22%7D&pdp_npi=6%40dis%21USD%213.18%211.53%21%21%2121.20%2110.18%21%400b8848e317889499874543138e0f82%2112000047853514553%21sea%21NL%214812450678%21X%211%210%21n_tag%3A-29919%3Bd%3Afb85f55e%3Bm03_new_user%3A-29895&curPageLogUid=ocyWGnLIc0t1&utparam-url=scene%3Asearch%7Cquery_from%3A%7Cx_object_id%3A1005009084162024%7C_p_origin_prod%3A&tblci=GiALkmP2KFzh9iKKmkiryOj1R6kGFGCcAalDnXhuJ9UK2iDA9m4o3JaS6rK1xP0OMJ_bXg,Controlling the driving
Tactile push buttons,1,$3.09,https://nl.aliexpress.com/item/1005010250517734.html?spm=a2g0o.productlist.main.5.3829hPA1hPA1Ng&algo_pvid=9c90c250-77e5-419d-91e5-af78b1cc6462&algo_exp_id=9c90c250-77e5-419d-91e5-af78b1cc6462-4&pdp_ext_f=%7B%22order%22%3A%22122%22%2C%22eval%22%3A%221%22%2C%22fromPage%22%3A%22search%22%7D&pdp_npi=6%40dis%21USD%216.19%213.09%21%21%2141.29%2120.64%21%402103842a17889500380813829e0fde%2112000051678663887%21sea%21NL%214812450678%21X%211%210%21n_tag%3A-29919%3Bd%3Afb85f55e%3Bm03_new_user%3A-29895&curPageLogUid=KOhj3FBjtkTR&utparam-url=scene%3Asearch%7Cquery_from%3A%7Cx_object_id%3A1005010250517734%7C_p_origin_prod%3A&tblci=GiALkmP2KFzh9iKKmkiryOj1R6kGFGCcAalDnXhuJ9UK2iDA9m4o3JaS6rK1xP0OMJ_bXg,Controlling the screen (need 5 total but more is fine)
PCB Grid,1,$3.09,https://nl.aliexpress.com/item/1005012081960571.html?spm=a2g0o.productlist.main.1.1e96qND9qND9WY&algo_pvid=ed9911f4-19f6-43cd-bd09-953dd821302e&algo_exp_id=ed9911f4-19f6-43cd-bd09-953dd821302e-0&pdp_ext_f=%7B%22order%22%3A%22396%22%2C%22eval%22%3A%221%22%2C%22fromPage%22%3A%22search%22%7D&pdp_npi=6%40dis%21USD%211.47%211.47%21%21%219.80%219.80%21%40210398e917889501056957085e0dab%2112000057477718544%21sea%21NL%214812450678%21X%211%210%21n_tag%3A-29919%3Bd%3Afb85f55e%3Bm03_new_user%3A-29895&curPageLogUid=iZ9eDYLp6nEg&utparam-url=scene%3Asearch%7Cquery_from%3A%7Cx_object_id%3A1005012081960571%7C_p_origin_prod%3A&tblci=GiALkmP2KFzh9iKKmkiryOj1R6kGFGCcAalDnXhuJ9UK2iDA9m4o3JaS6rK1xP0OMJ_bXg,"the 8x12 version, for the circuits"
Dupont jumper cables,1,$3.39,https://nl.aliexpress.com/item/1005002349042216.html?spm=a2g0o.productlist.main.1.233eWUuaWUuaPl&algo_pvid=e96a31a4-1ef2-493a-9e96-83321103fe90&algo_exp_id=e96a31a4-1ef2-493a-9e96-83321103fe90-0&pdp_ext_f=%7B%22order%22%3A%222801%22%2C%22eval%22%3A%221%22%2C%22fromPage%22%3A%22search%22%7D&pdp_npi=6%40dis%21USD%212.71%211.79%21%21%212.71%211.79%21%400b0fe40d17889502045575242e0db9%2112000020225751906%21sea%21NL%214812450678%21X%211%210%21n_tag%3A-29919%3Bd%3Afb85f55e%3Bm03_new_user%3A-29895&curPageLogUid=Tp6V7W8U8ILQ&utparam-url=scene%3Asearch%7Cquery_from%3A%7Cx_object_id%3A1005002349042216%7C_p_origin_prod%3A&tblci=GiALkmP2KFzh9iKKmkiryOj1R6kGFGCcAalDnXhuJ9UK2iDA9m4o3JaS6rK1xP0OMJ_bXg,"10cm 3 kinds 120pc, for prototypes and wiring"
Standoffs Screws Nuts,1,$5.40,https://nl.aliexpress.com/item/32862529967.html?spm=a2g0o.productlist.main.7.7f8bB0nxB0nxac&algo_pvid=510e7aa8-a39d-4a72-9241-3cb72526dc40&algo_exp_id=510e7aa8-a39d-4a72-9241-3cb72526dc40-6&pdp_ext_f=%7B%22order%22%3A%223159%22%2C%22eval%22%3A%221%22%2C%22fromPage%22%3A%22search%22%7D&pdp_npi=6%40dis%21USD%215.14%215.02%21%21%215.14%215.02%21%40210393bd17889728221092573e0c82%2110000000197494047%21sea%21NL%214812450678%21X%211%210%21n_tag%3A-29919%3Bd%3Afb85f55e%3Bm03_new_user%3A-29895&curPageLogUid=y46Ye0QLk537&utparam-url=scene%3Asearch%7Cquery_from%3A%7Cx_object_id%3A32862529967%7C_p_origin_prod%3A&tblci=GiALkmP2KFzh9iKKmkiryOj1R6kGFGCcAalDnXhuJ9UK2iDA9m4o3JaS6rK1xP0OMJ_bXg,200 pcs m2 mix
Soldering wire (covered),2,$2.70,https://nl.aliexpress.com/item/1005011849498412.html?spm=a2g0o.productlist.main.32.64b5n5UBn5UBR0&algo_pvid=a08df314-bec6-4e91-837f-047e7ea01801&algo_exp_id=a08df314-bec6-4e91-837f-047e7ea01801-29&pdp_ext_f=%7B%22order%22%3A%2267%22%2C%22eval%22%3A%221%22%2C%22fromPage%22%3A%22search%22%7D&pdp_npi=6%40dis%21USD%215.62%212.70%21%21%2137.51%2118.00%21%4021038a9c17889729118055899e0c90%2112000057033835586%21sea%21NL%214812450678%21X%211%210%21n_tag%3A-29919%3Bd%3Afb85f55e%3Bm03_new_user%3A-29895&curPageLogUid=UZydXUZqhQOX&utparam-url=scene%3Asearch%7Cquery_from%3A%7Cx_object_id%3A1005011849498412%7C_p_origin_prod%3A,1 black 1 red 26AWG
Soldering equipment,1,$12.49,https://nl.aliexpress.com/item/1005009462507947.html?spm=a2g0o.productlist.main.10.3ea15389odYL2f&algo_pvid=97af938a-477f-45b5-927b-85b6755130b8&algo_exp_id=97af938a-477f-45b5-927b-85b6755130b8-9&pdp_ext_f=%7B%22order%22%3A%224386%22%2C%22spu_best_type%22%3A%22price%22%2C%22eval%22%3A%221%22%2C%22fromPage%22%3A%22search%22%7D&pdp_npi=6%40dis%21USD%2126.03%2112.49%21%21%21173.66%2183.36%21%400b88489417889730326027983e0f53%2112000049183339778%21sea%21NL%214812450678%21X%211%210%21n_tag%3A-29919%3Bd%3Afb85f55e%3Bm03_new_user%3A-29895&curPageLogUid=n8iWdHuTobIU&utparam-url=scene%3Asearch%7Cquery_from%3A%7Cx_object_id%3A1005009462507947%7C_p_origin_prod%3A&tblci=GiALkmP2KFzh9iKKmkiryOj1R6kGFGCcAalDnXhuJ9UK2iDA9m4o3JaS6rK1xP0OMJ_bXg,permanence
Fume extractor,1,$33.50,https://nl.aliexpress.com/item/1005011999277287.html?spm=a2g0o.productlist.main.11.132271cbHx2X7f&algo_pvid=66540ead-54d5-44d8-8c58-9ede656896e8&algo_exp_id=66540ead-54d5-44d8-8c58-9ede656896e8-10&pdp_ext_f=%7B%22order%22%3A%224%22%2C%22eval%22%3A%221%22%2C%22fromPage%22%3A%22search%22%7D&pdp_npi=6%40dis%21USD%2135.26%2133.50%21%21%21235.21%21223.45%21%4021038b2f17889732570174986e0d9c%2112000057241417052%21sea%21NL%214812450678%21X%211%210%21n_tag%3A-29919%3Bd%3Afb85f55e%3Bm03_new_user%3A-29895&curPageLogUid=NxtMP6LmOcHY&utparam-url=scene%3Asearch%7Cquery_from%3A%7Cx_object_id%3A1005011999277287%7C_p_origin_prod%3A,Extractor fixture model
Soldering wire rosin,1,$8.68,https://nl.aliexpress.com/item/1005009105523060.html?spm=a2g0o.productlist.main.1.bed9i4Fki4FkcE&algo_pvid=e494549b-85ce-4c48-9742-83bb8a3fa6f5&algo_exp_id=e494549b-85ce-4c48-9742-83bb8a3fa6f5-0&pdp_ext_f=%7B%22order%22%3A%224064%22%2C%22spu_best_type%22%3A%22price%22%2C%22eval%22%3A%221%22%2C%22fromPage%22%3A%22search%22%7D&pdp_npi=6%40dis%21USD%218.68%218.68%21%21%2157.93%2157.93%21%40210382de17889733378262331e112a%2112000050855918958%21sea%21NL%214812450678%21X%211%210%21n_tag%3A-29919%3Bd%3Afb85f55e%3Bm03_new_user%3A-29895&curPageLogUid=AzN4WqTxwaiu&utparam-url=scene%3Asearch%7Cquery_from%3A%7Cx_object_id%3A1005009105523060%7C_p_origin_prod%3A&tblci=GiALkmP2KFzh9iKKmkiryOj1R6kGFGCcAalDnXhuJ9UK2iDA9m4o3JaS6rK1xP0OMJ_bXg,melting
Rosin paste,1,$2.48,https://nl.aliexpress.com/item/1005008582554387.html?spm=a2g0o.productlist.main.1.53765e7cYbtO5W&algo_pvid=ae0f3904-cb65-4f42-b800-380f9cb882b2&algo_exp_id=ae0f3904-cb65-4f42-b800-380f9cb882b2-0&pdp_ext_f=%7B%22order%22%3A%2224993%22%2C%22spu_best_type%22%3A%22price%22%2C%22eval%22%3A%221%22%2C%22fromPage%22%3A%22search%22%7D&pdp_npi=6%40dis%21USD%214.95%212.48%21%21%2133.01%2116.50%21%400b0fe0e117889733915626670e0e68%2112000045827982968%21sea%21NL%214812450678%21X%211%210%21n_tag%3A-29919%3Bd%3Afb85f55e%3Bm03_new_user%3A-29895&curPageLogUid=aguEYEPl40NL&utparam-url=scene%3Asearch%7Cquery_from%3A%7Cx_object_id%3A1005008582554387%7C_p_origin_prod%3A&tblci=GiALkmP2KFzh9iKKmkiryOj1R6kGFGCcAalDnXhuJ9UK2iDA9m4o3JaS6rK1xP0OMJ_bXg,soldering
Heat shrink case,1,$2.58,https://nl.aliexpress.com/item/1005001536945438.html?spm=a2g0o.productlist.main.2.5f755622jlzm7a&algo_pvid=60de2bd0-50b0-4135-a8ad-dfe3529c4963&algo_exp_id=60de2bd0-50b0-4135-a8ad-dfe3529c4963-1&pdp_ext_f=%7B%22order%22%3A%2210265%22%2C%22eval%22%3A%221%22%2C%22fromPage%22%3A%22search%22%7D&pdp_npi=6%40dis%21USD%212.30%212.30%21%21%212.30%212.30%21%400b0fe32e17889734603128815e0e92%2112000016507963226%21sea%21NL%214812450678%21X%211%210%21n_tag%3A-29919%3Bd%3Afb85f55e%3Bm03_new_user%3A-29895&curPageLogUid=nWX0LPYPnYVZ&utparam-url=scene%3Asearch%7Cquery_from%3A%7Cx_object_id%3A1005001536945438%7C_p_origin_prod%3A&tblci=GiALkmP2KFzh9iKKmkiryOj1R6kGFGCcAalDnXhuJ9UK2iDA9m4o3JaS6rK1xP0OMJ_bXg,5m diameter 3mm
Lemorele,1,$28.07,https://www.amazon.nl/Lemorele-Docking-Station-display-HDMI-adapter/dp/B0D9NBXX8G/ref=sr_1_5?__mk_nl_NL=%C3%85M%C3%85%C5%BD%C3%95%C3%91&crid=VCACKYTM5VEK&dib=eyJ2IjoiMSJ9.QIt8L0cLHcQtmARpSruoezRAERUrUGdGeOBqpNcsr_Q4ZL4L1lnwR0XtMUO6xVQ9In2tHKg0qRrCwihXYQjzyVxIvNwGDGWiKHyIunwR-u192Ohoj5-MpP9fWOOtVbcBZmrDQWPOuxmw0Mj41GD0MAWMC80tR57wMrx87pzueJDMJoeA8FdcGQZI0xfFTRUmZSydrOZnDDIwA1NVvLKm7QAmIhqZJckx_nTra7ke3dRnFDKDXHBOQCTsqf58helCBhWAsOiGo8zH_rQpwpdQbfJbaEE68notMmhJo0LPgRY.5TksZUGi9YWZhTVyMsaQd8R1TA324L96L-8thW-GAHY&dib_tag=se&keywords=nuvoo%2Bdocking%2Bstation&qid=1788980686&sprefix=nuvoo%2Bdocking%2Bstation%2Caps%2C123&sr=8-5&th=1,CAD and digital wiring for monitor
,,,,
Total Price (USD): ,161.12,,,